Indicador,Nombre Indicador,Clave área geográfica,Entidad,Municipio,Periodo,Valor,Excepción,Unidad de medida,Frecuencia,Information Status,Referencias
6207061409,IGAE. Índice de volumen físico base 2013=100. Total,0700,Estados Unidos Mexicanos,Estados Unidos Mexicanos,2022/07,111.2745518,,Índice de volumen físico base 2013=100,Mensual,,/a  /f1  /r1  
6207061409,IGAE. Índice de volumen físico base 2013=100. Total,0700,Estados Unidos Mexicanos,Estados Unidos Mexicanos,2022/06,112.7975011,,Índice de volumen físico base 2013=100,Mensual,,/a  /f1  /r1  
6207061409,IGAE. Índice de volumen físico base 2013=100. Total,0700,Estados Unidos Mexicanos,Estados Unidos Mexicanos,2022/05,114.4424238,,Índice de volumen físico base 2013=100,Mensual,,/a  /f1  /r1  
6207061409,IGAE. Índice de volumen físico base 2013=100. Total,0700,Estados Unidos Mexicanos,Estados Unidos Mexicanos,2022/04,109.5298659,,Índice de volumen físico base 2013=100,Mensual,,/a  /f1  /r1  
6207061409,IGAE. Índice de volumen físico base 2013=100. Total,0700,Estados Unidos Mexicanos,Estados Unidos Mexicanos,2022/03,111.9401523,,Índice de volumen físico base 2013=100,Mensual,,/a  /f1  /r1  
6207061409,IGAE. Índice de volumen físico base 2013=100. Total,0700,Estados Unidos Mexicanos,Estados Unidos Mexicanos,2022/02,105.231179,,Índice de volumen físico base 2013=100,Mensual,,/a  /f1  /r1  
6207061409,IGAE. Índice de volumen físico base 2013=100. Total,0700,Estados Unidos Mexicanos,Estados Unidos Mexicanos,2022/01,107.2873035,,Índice de volumen físico base 2013=100,Mensual,,/a  /f1  /r1  
6207061409,IGAE. Índice de volumen físico base 2013=100. Total,0700,Estados Unidos Mexicanos,Estados Unidos Mexicanos,2021/12,112.3078877,,Índice de volumen físico base 2013=100,Mensual,,/a  /f1  /r1  
6207061409,IGAE. Índice de volumen físico base 2013=100. Total,0700,Estados Unidos Mexicanos,Estados Unidos Mexicanos,2021/11,112.9378617,,Índice de volumen físico base 2013=100,Mensual,,/a  /f1  /r1  
6207061409,IGAE. Índice de volumen físico base 2013=100. Total,0700,Estados Unidos Mexicanos,Estados Unidos Mexicanos,2021/10,108.4628265,,Índice de volumen físico base 2013=100,Mensual,,/a  /f1  /r1  
6207061409,IGAE. Índice de volumen físico base 2013=100. Total,0700,Estados Unidos Mexicanos,Estados Unidos Mexicanos,2021/09,104.2254745,,Índice de volumen físico base 2013=100,Mensual,,/a  /f1  /r1  
6207061409,IGAE. Índice de volumen físico base 2013=100. Total,0700,Estados Unidos Mexicanos,Estados Unidos Mexicanos,2021/08,107.2195085,,Índice de volumen físico base 2013=100,Mensual,,/a  /f1  /r1  
6207061409,IGAE. Índice de volumen físico base 2013=100. Total,0700,Estados Unidos Mexicanos,Estados Unidos Mexicanos,2021/07,109.8778509,,Índice de volumen físico base 2013=100,Mensual,,/a  /f1  /r1  
6207061409,IGAE. Índice de volumen físico base 2013=100. Total,0700,Estados Unidos Mexicanos,Estados Unidos Mexicanos,2021/06,111.1712751,,Índice de volumen físico base 2013=100,Mensual,,/a  /f1  /r1  
6207061409,IGAE. Índice de volumen físico base 2013=100. Total,0700,Estados Unidos Mexicanos,Estados Unidos Mexicanos,2021/05,112.0640489,,Índice de volumen físico base 2013=100,Mensual,,/a  /f1  /r1  
6207061409,IGAE. Índice de volumen físico base 2013=100. Total,0700,Estados Unidos Mexicanos,Estados Unidos Mexicanos,2021/04,108.0704416,,Índice de volumen físico base 2013=100,Mensual,,/a  /f1  /r1  
6207061409,IGAE. Índice de volumen físico base 2013=100. Total,0700,Estados Unidos Mexicanos,Estados Unidos Mexicanos,2021/03,111.53114,,Índice de volumen físico base 2013=100,Mensual,,/a  /f1  /r1  
6207061409,IGAE. Índice de volumen físico base 2013=100. Total,0700,Estados Unidos Mexicanos,Estados Unidos Mexicanos,2021/02,102.6662643,,Índice de volumen físico base 2013=100,Mensual,,/a  /f1  /r1  
6207061409,IGAE. Índice de volumen físico base 2013=100. Total,0700,Estados Unidos Mexicanos,Estados Unidos Mexicanos,2021/01,105.3567357,,Índice de volumen físico base 2013=100,Mensual,,/a  /f1  /r1  
6207061409,IGAE. Índice de volumen físico base 2013=100. Total,0700,Estados Unidos Mexicanos,Estados Unidos Mexicanos,2020/12,110.8489777,,Índice de volumen físico base 2013=100,Mensual,,/a  /f1  /r1  
6207061409,IGAE. Índice de volumen físico base 2013=100. Total,0700,Estados Unidos Mexicanos,Estados Unidos Mexicanos,2020/11,111.0657844,,Índice de volumen físico base 2013=100,Mensual,,/a  /f1  /r1  
6207061409,IGAE. Índice de volumen físico base 2013=100. Total,0700,Estados Unidos Mexicanos,Estados Unidos Mexicanos,2020/10,109.2701952,,Índice de volumen físico base 2013=100,Mensual,,/a  /f1  /r1  
6207061409,IGAE. Índice de volumen físico base 2013=100. Total,0700,Estados Unidos Mexicanos,Estados Unidos Mexicanos,2020/09,103.3683934,,Índice de volumen físico base 2013=100,Mensual,,/a  /f1  /r1  
6207061409,IGAE. Índice de volumen físico base 2013=100. Total,0700,Estados Unidos Mexicanos,Estados Unidos Mexicanos,2020/08,102.7420282,,Índice de volumen físico base 2013=100,Mensual,,/a  /f1  /r1  
6207061409,IGAE. Índice de volumen físico base 2013=100. Total,0700,Estados Unidos Mexicanos,Estados Unidos Mexicanos,2020/07,102.3709949,,Índice de volumen físico base 2013=100,Mensual,,/a  /f1  /r1  
6207061409,IGAE. Índice de volumen físico base 2013=100. Total,0700,Estados Unidos Mexicanos,Estados Unidos Mexicanos,2020/06,97.92829271,,Índice de volumen físico base 2013=100,Mensual,,/a  /f1  /r1  
6207061409,IGAE. Índice de volumen físico base 2013=100. Total,0700,Estados Unidos Mexicanos,Estados Unidos Mexicanos,2020/05,89.00513685,,Índice de volumen físico base 2013=100,Mensual,,/a  /f1  /r1  
6207061409,IGAE. Índice de volumen físico base 2013=100. Total,0700,Estados Unidos Mexicanos,Estados Unidos Mexicanos,2020/04,88.27380741,,Índice de volumen físico base 2013=100,Mensual,,/a  /f1  /r1  
6207061409,IGAE. Índice de volumen físico base 2013=100. Total,0700,Estados Unidos Mexicanos,Estados Unidos Mexicanos,2020/03,110.0365786,,Índice de volumen físico base 2013=100,Mensual,,/a  /f1  /r1  
6207061409,IGAE. Índice de volumen físico base 2013=100. Total,0700,Estados Unidos Mexicanos,Estados Unidos Mexicanos,2020/02,108.8591688,,Índice de volumen físico base 2013=100,Mensual,,/a  /f1  /r1  
6207061409,IGAE. Índice de volumen físico base 2013=100. Total,0700,Estados Unidos Mexicanos,Estados Unidos Mexicanos,2020/01,112.3621592,,Índice de volumen físico base 2013=100,Mensual,,/a  /f1  /r1  
6207061409,IGAE. Índice de volumen físico base 2013=100. Total,0700,Estados Unidos Mexicanos,Estados Unidos Mexicanos,2019/12,113.3895247,,Índice de volumen físico base 2013=100,Mensual,,/a  /f1  /r1  
6207061409,IGAE. Índice de volumen físico base 2013=100. Total,0700,Estados Unidos Mexicanos,Estados Unidos Mexicanos,2019/11,116.2862304,,Índice de volumen físico base 2013=100,Mensual,,/a  /f1  /r1  
6207061409,IGAE. Índice de volumen físico base 2013=100. Total,0700,Estados Unidos Mexicanos,Estados Unidos Mexicanos,2019/10,115.3703677,,Índice de volumen físico base 2013=100,Mensual,,/a  /f1  /r1  
6207061409,IGAE. Índice de volumen físico base 2013=100. Total,0700,Estados Unidos Mexicanos,Estados Unidos Mexicanos,2019/09,108.857497,,Índice de volumen físico base 2013=100,Mensual,,/a  /f1  /r1  
6207061409,IGAE. Índice de volumen físico base 2013=100. Total,0700,Estados Unidos Mexicanos,Estados Unidos Mexicanos,2019/08,113.2320702,,Índice de volumen físico base 2013=100,Mensual,,/a  /f1  /r1  
6207061409,IGAE. Índice de volumen físico base 2013=100. Total,0700,Estados Unidos Mexicanos,Estados Unidos Mexicanos,2019/07,113.3721488,,Índice de volumen físico base 2013=100,Mensual,,/a  /f1  /r1  
6207061409,IGAE. Índice de volumen físico base 2013=100. Total,0700,Estados Unidos Mexicanos,Estados Unidos Mexicanos,2019/06,112.8242856,,Índice de volumen físico base 2013=100,Mensual,,/a  /f1  /r1  
6207061409,IGAE. Índice de volumen físico base 2013=100. Total,0700,Estados Unidos Mexicanos,Estados Unidos Mexicanos,2019/05,115.2343247,,Índice de volumen físico base 2013=100,Mensual,,/a  /f1  /r1  
6207061409,IGAE. Índice de volumen físico base 2013=100. Total,0700,Estados Unidos Mexicanos,Estados Unidos Mexicanos,2019/04,109.8084354,,Índice de volumen físico base 2013=100,Mensual,,/a  /f1  /r1  
6207061409,IGAE. Índice de volumen físico base 2013=100. Total,0700,Estados Unidos Mexicanos,Estados Unidos Mexicanos,2019/03,112.2782357,,Índice de volumen físico base 2013=100,Mensual,,/a  /f1  /r1  
6207061409,IGAE. Índice de volumen físico base 2013=100. Total,0700,Estados Unidos Mexicanos,Estados Unidos Mexicanos,2019/02,108.831235,,Índice de volumen físico base 2013=100,Mensual,,/a  /f1  /r1  
6207061409,IGAE. Índice de volumen físico base 2013=100. Total,0700,Estados Unidos Mexicanos,Estados Unidos Mexicanos,2019/01,112.5139036,,Índice de volumen físico base 2013=100,Mensual,,/a  /f1  /r1  
6207061409,IGAE. Índice de volumen físico base 2013=100. Total,0700,Estados Unidos Mexicanos,Estados Unidos Mexicanos,2018/12,113.0955529,,Índice de volumen físico base 2013=100,Mensual,,/a  /f1  /r1  
6207061409,IGAE. Índice de volumen físico base 2013=100. Total,0700,Estados Unidos Mexicanos,Estados Unidos Mexicanos,2018/11,117.7194403,,Índice de volumen físico base 2013=100,Mensual,,/a  /f1  /r1  
6207061409,IGAE. Índice de volumen físico base 2013=100. Total,0700,Estados Unidos Mexicanos,Estados Unidos Mexicanos,2018/10,115.9594585,,Índice de volumen físico base 2013=100,Mensual,,/a  /f1  /r1  
6207061409,IGAE. Índice de volumen físico base 2013=100. Total,0700,Estados Unidos Mexicanos,Estados Unidos Mexicanos,2018/09,108.767749,,Índice de volumen físico base 2013=100,Mensual,,/a  /f1  /r1  
6207061409,IGAE. Índice de volumen físico base 2013=100. Total,0700,Estados Unidos Mexicanos,Estados Unidos Mexicanos,2018/08,114.3266642,,Índice de volumen físico base 2013=100,Mensual,,/a  /f1  /r1  
6207061409,IGAE. Índice de volumen físico base 2013=100. Total,0700,Estados Unidos Mexicanos,Estados Unidos Mexicanos,2018/07,112.8039937,,Índice de volumen físico base 2013=100,Mensual,,/a  /f1  /r1  
6207061409,IGAE. Índice de volumen físico base 2013=100. Total,0700,Estados Unidos Mexicanos,Estados Unidos Mexicanos,2018/06,114.4466785,,Índice de volumen físico base 2013=100,Mensual,,/a  /f1  /r1  
6207061409,IGAE. Índice de volumen físico base 2013=100. Total,0700,Estados Unidos Mexicanos,Estados Unidos Mexicanos,2018/05,115.8296436,,Índice de volumen físico base 2013=100,Mensual,,/a  /f1  /r1  
6207061409,IGAE. Índice de volumen físico base 2013=100. Total,0700,Estados Unidos Mexicanos,Estados Unidos Mexicanos,2018/04,111.6044877,,Índice de volumen físico base 2013=100,Mensual,,/a  /f1  /r1  
6207061409,IGAE. Índice de volumen físico base 2013=100. Total,0700,Estados Unidos Mexicanos,Estados Unidos Mexicanos,2018/03,111.201253,,Índice de volumen físico base 2013=100,Mensual,,/a  /f1  /r1  
6207061409,IGAE. Índice de volumen físico base 2013=100. Total,0700,Estados Unidos Mexicanos,Estados Unidos Mexicanos,2018/02,107.8140543,,Índice de volumen físico base 2013=100,Mensual,,/a  /f1  /r1  
6207061409,IGAE. Índice de volumen físico base 2013=100. Total,0700,Estados Unidos Mexicanos,Estados Unidos Mexicanos,2018/01,111.0174522,,Índice de volumen físico base 2013=100,Mensual,,/a  /f1  /r1  
6207061409,IGAE. Índice de volumen físico base 2013=100. Total,0700,Estados Unidos Mexicanos,Estados Unidos Mexicanos,2017/12,114.0009945,,Índice de volumen físico base 2013=100,Mensual,,/a  /f1  /r1  
6207061409,IGAE. Índice de volumen físico base 2013=100. Total,0700,Estados Unidos Mexicanos,Estados Unidos Mexicanos,2017/11,116.1806765,,Índice de volumen físico base 2013=100,Mensual,,/a  /f1  /r1  
6207061409,IGAE. Índice de volumen físico base 2013=100. Total,0700,Estados Unidos Mexicanos,Estados Unidos Mexicanos,2017/10,112.8492345,,Índice de volumen físico base 2013=100,Mensual,,/a  /f1  /r1  
6207061409,IGAE. Índice de volumen físico base 2013=100. Total,0700,Estados Unidos Mexicanos,Estados Unidos Mexicanos,2017/09,106.3223418,,Índice de volumen físico base 2013=100,Mensual,,/a  /f1  /r1  
6207061409,IGAE. Índice de volumen físico base 2013=100. Total,0700,Estados Unidos Mexicanos,Estados Unidos Mexicanos,2017/08,111.7700625,,Índice de volumen físico base 2013=100,Mensual,,/a  /f1  /r1  
6207061409,IGAE. Índice de volumen físico base 2013=100. Total,0700,Estados Unidos Mexicanos,Estados Unidos Mexicanos,2017/07,108.9544603,,Índice de volumen físico base 2013=100,Mensual,,/a  /f1  /r1  
6207061409,IGAE. Índice de volumen físico base 2013=100. Total,0700,Estados Unidos Mexicanos,Estados Unidos Mexicanos,2017/06,112.796383,,Índice de volumen físico base 2013=100,Mensual,,/a  /f1  /r1  
6207061409,IGAE. Índice de volumen físico base 2013=100. Total,0700,Estados Unidos Mexicanos,Estados Unidos Mexicanos,2017/05,112.3023541,,Índice de volumen físico base 2013=100,Mensual,,/a  /f1  /r1  
6207061409,IGAE. Índice de volumen físico base 2013=100. Total,0700,Estados Unidos Mexicanos,Estados Unidos Mexicanos,2017/04,106.2007443,,Índice de volumen físico base 2013=100,Mensual,,/a  /f1  /r1  
6207061409,IGAE. Índice de volumen físico base 2013=100. Total,0700,Estados Unidos Mexicanos,Estados Unidos Mexicanos,2017/03,111.9035644,,Índice de volumen físico base 2013=100,Mensual,,/a  /f1  /r1  
6207061409,IGAE. Índice de volumen físico base 2013=100. Total,0700,Estados Unidos Mexicanos,Estados Unidos Mexicanos,2017/02,105.2826348,,Índice de volumen físico base 2013=100,Mensual,,/a  /f1  /r1  
6207061409,IGAE. Índice de volumen físico base 2013=100. Total,0700,Estados Unidos Mexicanos,Estados Unidos Mexicanos,2017/01,108.4191757,,Índice de volumen físico base 2013=100,Mensual,,/a  /f1  /r1  
6207061409,IGAE. Índice de volumen físico base 2013=100. Total,0700,Estados Unidos Mexicanos,Estados Unidos Mexicanos,2016/12,112.5090613,,Índice de volumen físico base 2013=100,Mensual,,/a  /f1  /r1  
6207061409,IGAE. Índice de volumen físico base 2013=100. Total,0700,Estados Unidos Mexicanos,Estados Unidos Mexicanos,2016/11,114.1452151,,Índice de volumen físico base 2013=100,Mensual,,/a  /f1  /r1  
6207061409,IGAE. Índice de volumen físico base 2013=100. Total,0700,Estados Unidos Mexicanos,Estados Unidos Mexicanos,2016/10,110.56421,,Índice de volumen físico base 2013=100,Mensual,,/a  /f1  /r1  
6207061409,IGAE. Índice de volumen físico base 2013=100. Total,0700,Estados Unidos Mexicanos,Estados Unidos Mexicanos,2016/09,106.0607392,,Índice de volumen físico base 2013=100,Mensual,,/a  /f1  /r1  
6207061409,IGAE. Índice de volumen físico base 2013=100. Total,0700,Estados Unidos Mexicanos,Estados Unidos Mexicanos,2016/08,108.9485675,,Índice de volumen físico base 2013=100,Mensual,,/a  /f1  /r1  
6207061409,IGAE. Índice de volumen físico base 2013=100. Total,0700,Estados Unidos Mexicanos,Estados Unidos Mexicanos,2016/07,107.5251039,,Índice de volumen físico base 2013=100,Mensual,,/a  /f1  /r1  
6207061409,IGAE. Índice de volumen físico base 2013=100. Total,0700,Estados Unidos Mexicanos,Estados Unidos Mexicanos,2016/06,109.9618138,,Índice de volumen físico base 2013=100,Mensual,,/a  /f1  /r1  
6207061409,IGAE. Índice de volumen físico base 2013=100. Total,0700,Estados Unidos Mexicanos,Estados Unidos Mexicanos,2016/05,109.062647,,Índice de volumen físico base 2013=100,Mensual,,/a  /f1  /r1  
6207061409,IGAE. Índice de volumen físico base 2013=100. Total,0700,Estados Unidos Mexicanos,Estados Unidos Mexicanos,2016/04,107.2928378,,Índice de volumen físico base 2013=100,Mensual,,/a  /f1  /r1  
6207061409,IGAE. Índice de volumen físico base 2013=100. Total,0700,Estados Unidos Mexicanos,Estados Unidos Mexicanos,2016/03,105.9086719,,Índice de volumen físico base 2013=100,Mensual,,/a  /f1  /r1  
6207061409,IGAE. Índice de volumen físico base 2013=100. Total,0700,Estados Unidos Mexicanos,Estados Unidos Mexicanos,2016/02,104.5802842,,Índice de volumen físico base 2013=100,Mensual,,/a  /f1  /r1  
6207061409,IGAE. Índice de volumen físico base 2013=100. Total,0700,Estados Unidos Mexicanos,Estados Unidos Mexicanos,2016/01,104.4190511,,Índice de volumen físico base 2013=100,Mensual,,/a  /f1  /r1  
6207061409,IGAE. Índice de volumen físico base 2013=100. Total,0700,Estados Unidos Mexicanos,Estados Unidos Mexicanos,2015/12,109.263177,,Índice de volumen físico base 2013=100,Mensual,,/a  /f1  /r1  
6207061409,IGAE. Índice de volumen físico base 2013=100. Total,0700,Estados Unidos Mexicanos,Estados Unidos Mexicanos,2015/11,109.0992811,,Índice de volumen físico base 2013=100,Mensual,,/a  /f1  /r1  
6207061409,IGAE. Índice de volumen físico base 2013=100. Total,0700,Estados Unidos Mexicanos,Estados Unidos Mexicanos,2015/10,109.2946932,,Índice de volumen físico base 2013=100,Mensual,,/a  /f1  /r1  
6207061409,IGAE. Índice de volumen físico base 2013=100. Total,0700,Estados Unidos Mexicanos,Estados Unidos Mexicanos,2015/09,105.022897,,Índice de volumen físico base 2013=100,Mensual,,/a  /f1  /r1  
6207061409,IGAE. Índice de volumen físico base 2013=100. Total,0700,Estados Unidos Mexicanos,Estados Unidos Mexicanos,2015/08,105.4826832,,Índice de volumen físico base 2013=100,Mensual,,/a  /f1  /r1  
6207061409,IGAE. Índice de volumen físico base 2013=100. Total,0700,Estados Unidos Mexicanos,Estados Unidos Mexicanos,2015/07,107.4600369,,Índice de volumen físico base 2013=100,Mensual,,/a  /f1  /r1  
6207061409,IGAE. Índice de volumen físico base 2013=100. Total,0700,Estados Unidos Mexicanos,Estados Unidos Mexicanos,2015/06,107.3170101,,Índice de volumen físico base 2013=100,Mensual,,/a  /f1  /r1  
6207061409,IGAE. Índice de volumen físico base 2013=100. Total,0700,Estados Unidos Mexicanos,Estados Unidos Mexicanos,2015/05,106.1978657,,Índice de volumen físico base 2013=100,Mensual,,/a  /f1  /r1  
6207061409,IGAE. Índice de volumen físico base 2013=100. Total,0700,Estados Unidos Mexicanos,Estados Unidos Mexicanos,2015/04,103.6878264,,Índice de volumen físico base 2013=100,Mensual,,/a  /f1  /r1  
6207061409,IGAE. Índice de volumen físico base 2013=100. Total,0700,Estados Unidos Mexicanos,Estados Unidos Mexicanos,2015/03,104.966019,,Índice de volumen físico base 2013=100,Mensual,,/a  /f1  /r1  
6207061409,IGAE. Índice de volumen físico base 2013=100. Total,0700,Estados Unidos Mexicanos,Estados Unidos Mexicanos,2015/02,99.87046505,,Índice de volumen físico base 2013=100,Mensual,,/a  /f1  /r1  
6207061409,IGAE. Índice de volumen físico base 2013=100. Total,0700,Estados Unidos Mexicanos,Estados Unidos Mexicanos,2015/01,102.3196927,,Índice de volumen físico base 2013=100,Mensual,,/a  /f1  /r1  
6207061409,IGAE. Índice de volumen físico base 2013=100. Total,0700,Estados Unidos Mexicanos,Estados Unidos Mexicanos,2014/12,106.8812901,,Índice de volumen físico base 2013=100,Mensual,,/a  /f1  /r1  
6207061409,IGAE. Índice de volumen físico base 2013=100. Total,0700,Estados Unidos Mexicanos,Estados Unidos Mexicanos,2014/11,106.4798049,,Índice de volumen físico base 2013=100,Mensual,,/a  /f1  /r1  
6207061409,IGAE. Índice de volumen físico base 2013=100. Total,0700,Estados Unidos Mexicanos,Estados Unidos Mexicanos,2014/10,106.8110508,,Índice de volumen físico base 2013=100,Mensual,,/a  /f1  /r1  
6207061409,IGAE. Índice de volumen físico base 2013=100. Total,0700,Estados Unidos Mexicanos,Estados Unidos Mexicanos,2014/09,100.0154802,,Índice de volumen físico base 2013=100,Mensual,,/a  /f1  /r1  
6207061409,IGAE. Índice de volumen físico base 2013=100. Total,0700,Estados Unidos Mexicanos,Estados Unidos Mexicanos,2014/08,101.7362457,,Índice de volumen físico base 2013=100,Mensual,,/a  /f1  /r1  
6207061409,IGAE. Índice de volumen físico base 2013=100. Total,0700,Estados Unidos Mexicanos,Estados Unidos Mexicanos,2014/07,104.1387045,,Índice de volumen físico base 2013=100,Mensual,,/a  /f1  /r1  
6207061409,IGAE. Índice de volumen físico base 2013=100. Total,0700,Estados Unidos Mexicanos,Estados Unidos Mexicanos,2014/06,102.8940513,,Índice de volumen físico base 2013=100,Mensual,,/a  /f1  /r1  
6207061409,IGAE. Índice de volumen físico base 2013=100. Total,0700,Estados Unidos Mexicanos,Estados Unidos Mexicanos,2014/05,104.8608549,,Índice de volumen físico base 2013=100,Mensual,,/a  /f1  /r1  
6207061409,IGAE. Índice de volumen físico base 2013=100. Total,0700,Estados Unidos Mexicanos,Estados Unidos Mexicanos,2014/04,100.3185796,,Índice de volumen físico base 2013=100,Mensual,,/a  /f1  /r1  
6207061409,IGAE. Índice de volumen físico base 2013=100. Total,0700,Estados Unidos Mexicanos,Estados Unidos Mexicanos,2014/03,101.4948686,,Índice de volumen físico base 2013=100,Mensual,,/a  /f1  /r1  
6207061409,IGAE. Índice de volumen físico base 2013=100. Total,0700,Estados Unidos Mexicanos,Estados Unidos Mexicanos,2014/02,96.95656864,,Índice de volumen físico base 2013=100,Mensual,,/a  /f1  /r1  
6207061409,IGAE. Índice de volumen físico base 2013=100. Total,0700,Estados Unidos Mexicanos,Estados Unidos Mexicanos,2014/01,98.75516613,,Índice de volumen físico base 2013=100,Mensual,,/a  /f1  /r1  
6207061409,IGAE. Índice de volumen físico base 2013=100. Total,0700,Estados Unidos Mexicanos,Estados Unidos Mexicanos,2013/12,102.8016026,,Índice de volumen físico base 2013=100,Mensual,,/a  /f1  /r1  
6207061409,IGAE. Índice de volumen físico base 2013=100. Total,0700,Estados Unidos Mexicanos,Estados Unidos Mexicanos,2013/11,104.2316796,,Índice de volumen físico base 2013=100,Mensual,,/a  /f1  /r1  
6207061409,IGAE. Índice de volumen físico base 2013=100. Total,0700,Estados Unidos Mexicanos,Estados Unidos Mexicanos,2013/10,103.6672025,,Índice de volumen físico base 2013=100,Mensual,,/a  /f1  /r1  
6207061409,IGAE. Índice de volumen físico base 2013=100. Total,0700,Estados Unidos Mexicanos,Estados Unidos Mexicanos,2013/09,96.80675329,,Índice de volumen físico base 2013=100,Mensual,,/a  /f1  /r1  
6207061409,IGAE. Índice de volumen físico base 2013=100. Total,0700,Estados Unidos Mexicanos,Estados Unidos Mexicanos,2013/08,100.2735696,,Índice de volumen físico base 2013=100,Mensual,,/a  /f1  /r1  
6207061409,IGAE. Índice de volumen físico base 2013=100. Total,0700,Estados Unidos Mexicanos,Estados Unidos Mexicanos,2013/07,100.8098182,,Índice de volumen físico base 2013=100,Mensual,,/a  /f1  /r1  
6207061409,IGAE. Índice de volumen físico base 2013=100. Total,0700,Estados Unidos Mexicanos,Estados Unidos Mexicanos,2013/06,99.51753383,,Índice de volumen físico base 2013=100,Mensual,,/a  /f1  /r1  
6207061409,IGAE. Índice de volumen físico base 2013=100. Total,0700,Estados Unidos Mexicanos,Estados Unidos Mexicanos,2013/05,102.2752779,,Índice de volumen físico base 2013=100,Mensual,,/a  /f1  /r1  
6207061409,IGAE. Índice de volumen físico base 2013=100. Total,0700,Estados Unidos Mexicanos,Estados Unidos Mexicanos,2013/04,99.91621207,,Índice de volumen físico base 2013=100,Mensual,,/a  /f1  /r1  
6207061409,IGAE. Índice de volumen físico base 2013=100. Total,0700,Estados Unidos Mexicanos,Estados Unidos Mexicanos,2013/03,97.06077922,,Índice de volumen físico base 2013=100,Mensual,,/a  /f1  /r1  
6207061409,IGAE. Índice de volumen físico base 2013=100. Total,0700,Estados Unidos Mexicanos,Estados Unidos Mexicanos,2013/02,94.67100135,,Índice de volumen físico base 2013=100,Mensual,,/a  /f1  /r1  
6207061409,IGAE. Índice de volumen físico base 2013=100. Total,0700,Estados Unidos Mexicanos,Estados Unidos Mexicanos,2013/01,97.96856977,,Índice de volumen físico base 2013=100,Mensual,,/a  /f1  /r1  
6207061409,IGAE. Índice de volumen físico base 2013=100. Total,0700,Estados Unidos Mexicanos,Estados Unidos Mexicanos,2012/12,100.5281611,,Índice de volumen físico base 2013=100,Mensual,,/a  /f1  /r1  
6207061409,IGAE. Índice de volumen físico base 2013=100. Total,0700,Estados Unidos Mexicanos,Estados Unidos Mexicanos,2012/11,104.3864838,,Índice de volumen físico base 2013=100,Mensual,,/a  /f1  /r1  
6207061409,IGAE. Índice de volumen físico base 2013=100. Total,0700,Estados Unidos Mexicanos,Estados Unidos Mexicanos,2012/10,101.8599082,,Índice de volumen físico base 2013=100,Mensual,,/a  /f1  /r1  
6207061409,IGAE. Índice de volumen físico base 2013=100. Total,0700,Estados Unidos Mexicanos,Estados Unidos Mexicanos,2012/09,95.1892432,,Índice de volumen físico base 2013=100,Mensual,,/a  /f1  /r1  
6207061409,IGAE. Índice de volumen físico base 2013=100. Total,0700,Estados Unidos Mexicanos,Estados Unidos Mexicanos,2012/08,99.09917429,,Índice de volumen físico base 2013=100,Mensual,,/a  /f1  /r1  
6207061409,IGAE. Índice de volumen físico base 2013=100. Total,0700,Estados Unidos Mexicanos,Estados Unidos Mexicanos,2012/07,99.31090872,,Índice de volumen físico base 2013=100,Mensual,,/a  /f1  /r1  
6207061409,IGAE. Índice de volumen físico base 2013=100. Total,0700,Estados Unidos Mexicanos,Estados Unidos Mexicanos,2012/06,99.68684396,,Índice de volumen físico base 2013=100,Mensual,,/a  /f1  /r1  
6207061409,IGAE. Índice de volumen físico base 2013=100. Total,0700,Estados Unidos Mexicanos,Estados Unidos Mexicanos,2012/05,100.3152516,,Índice de volumen físico base 2013=100,Mensual,,/a  /f1  /r1  
6207061409,IGAE. Índice de volumen físico base 2013=100. Total,0700,Estados Unidos Mexicanos,Estados Unidos Mexicanos,2012/04,95.47931854,,Índice de volumen físico base 2013=100,Mensual,,/a  /f1  /r1  
6207061409,IGAE. Índice de volumen físico base 2013=100. Total,0700,Estados Unidos Mexicanos,Estados Unidos Mexicanos,2012/03,99.09222301,,Índice de volumen físico base 2013=100,Mensual,,/a  /f1  /r1  
6207061409,IGAE. Índice de volumen físico base 2013=100. Total,0700,Estados Unidos Mexicanos,Estados Unidos Mexicanos,2012/02,94.07903492,,Índice de volumen físico base 2013=100,Mensual,,/a  /f1  /r1  
6207061409,IGAE. Índice de volumen físico base 2013=100. Total,0700,Estados Unidos Mexicanos,Estados Unidos Mexicanos,2012/01,94.6746292,,Índice de volumen físico base 2013=100,Mensual,,/a  /f1  /r1  
6207061409,IGAE. Índice de volumen físico base 2013=100. Total,0700,Estados Unidos Mexicanos,Estados Unidos Mexicanos,2011/12,98.81574672,,Índice de volumen físico base 2013=100,Mensual,,/a  /f1  /r1  
6207061409,IGAE. Índice de volumen físico base 2013=100. Total,0700,Estados Unidos Mexicanos,Estados Unidos Mexicanos,2011/11,101.0827468,,Índice de volumen físico base 2013=100,Mensual,,/a  /f1  /r1  
6207061409,IGAE. Índice de volumen físico base 2013=100. Total,0700,Estados Unidos Mexicanos,Estados Unidos Mexicanos,2011/10,97.43770721,,Índice de volumen físico base 2013=100,Mensual,,/a  /f1  /r1  
6207061409,IGAE. Índice de volumen físico base 2013=100. Total,0700,Estados Unidos Mexicanos,Estados Unidos Mexicanos,2011/09,94.10210763,,Índice de volumen físico base 2013=100,Mensual,,/a  /f1  /r1  
6207061409,IGAE. Índice de volumen físico base 2013=100. Total,0700,Estados Unidos Mexicanos,Estados Unidos Mexicanos,2011/08,96.53902693,,Índice de volumen físico base 2013=100,Mensual,,/a  /f1  /r1  
6207061409,IGAE. Índice de volumen físico base 2013=100. Total,0700,Estados Unidos Mexicanos,Estados Unidos Mexicanos,2011/07,95.21792249,,Índice de volumen físico base 2013=100,Mensual,,/a  /f1  /r1  
6207061409,IGAE. Índice de volumen físico base 2013=100. Total,0700,Estados Unidos Mexicanos,Estados Unidos Mexicanos,2011/06,96.48830609,,Índice de volumen físico base 2013=100,Mensual,,/a  /f1  /r1  
6207061409,IGAE. Índice de volumen físico base 2013=100. Total,0700,Estados Unidos Mexicanos,Estados Unidos Mexicanos,2011/05,95.94630552,,Índice de volumen físico base 2013=100,Mensual,,/a  /f1  /r1  
6207061409,IGAE. Índice de volumen físico base 2013=100. Total,0700,Estados Unidos Mexicanos,Estados Unidos Mexicanos,2011/04,91.6000502,,Índice de volumen físico base 2013=100,Mensual,,/a  /f1  /r1  
6207061409,IGAE. Índice de volumen físico base 2013=100. Total,0700,Estados Unidos Mexicanos,Estados Unidos Mexicanos,2011/03,95.82898717,,Índice de volumen físico base 2013=100,Mensual,,/a  /f1  /r1  
6207061409,IGAE. Índice de volumen físico base 2013=100. Total,0700,Estados Unidos Mexicanos,Estados Unidos Mexicanos,2011/02,88.56874915,,Índice de volumen físico base 2013=100,Mensual,,/a  /f1  /r1  
6207061409,IGAE. Índice de volumen físico base 2013=100. Total,0700,Estados Unidos Mexicanos,Estados Unidos Mexicanos,2011/01,90.20546066,,Índice de volumen físico base 2013=100,Mensual,,/a  /f1  /r1  
6207061409,IGAE. Índice de volumen físico base 2013=100. Total,0700,Estados Unidos Mexicanos,Estados Unidos Mexicanos,2010/12,95.59592436,,Índice de volumen físico base 2013=100,Mensual,,/a  /f1  /r1  
6207061409,IGAE. Índice de volumen físico base 2013=100. Total,0700,Estados Unidos Mexicanos,Estados Unidos Mexicanos,2010/11,95.96933122,,Índice de volumen físico base 2013=100,Mensual,,/a  /f1  /r1  
6207061409,IGAE. Índice de volumen físico base 2013=100. Total,0700,Estados Unidos Mexicanos,Estados Unidos Mexicanos,2010/10,93.84529535,,Índice de volumen físico base 2013=100,Mensual,,/a  /f1  /r1  
6207061409,IGAE. Índice de volumen físico base 2013=100. Total,0700,Estados Unidos Mexicanos,Estados Unidos Mexicanos,2010/09,90.55652783,,Índice de volumen físico base 2013=100,Mensual,,/a  /f1  /r1  
6207061409,IGAE. Índice de volumen físico base 2013=100. Total,0700,Estados Unidos Mexicanos,Estados Unidos Mexicanos,2010/08,91.56219351,,Índice de volumen físico base 2013=100,Mensual,,/a  /f1  /r1  
6207061409,IGAE. Índice de volumen físico base 2013=100. Total,0700,Estados Unidos Mexicanos,Estados Unidos Mexicanos,2010/07,92.32868822,,Índice de volumen físico base 2013=100,Mensual,,/a  /f1  /r1  
6207061409,IGAE. Índice de volumen físico base 2013=100. Total,0700,Estados Unidos Mexicanos,Estados Unidos Mexicanos,2010/06,93.23104827,,Índice de volumen físico base 2013=100,Mensual,,/a  /f1  /r1  
6207061409,IGAE. Índice de volumen físico base 2013=100. Total,0700,Estados Unidos Mexicanos,Estados Unidos Mexicanos,2010/05,92.30004866,,Índice de volumen físico base 2013=100,Mensual,,/a  /f1  /r1  
6207061409,IGAE. Índice de volumen físico base 2013=100. Total,0700,Estados Unidos Mexicanos,Estados Unidos Mexicanos,2010/04,90.58181794,,Índice de volumen físico base 2013=100,Mensual,,/a  /f1  /r1  
6207061409,IGAE. Índice de volumen físico base 2013=100. Total,0700,Estados Unidos Mexicanos,Estados Unidos Mexicanos,2010/03,92.29228543,,Índice de volumen físico base 2013=100,Mensual,,/a  /f1  /r1  
6207061409,IGAE. Índice de volumen físico base 2013=100. Total,0700,Estados Unidos Mexicanos,Estados Unidos Mexicanos,2010/02,85.22716493,,Índice de volumen físico base 2013=100,Mensual,,/a  /f1  /r1  
6207061409,IGAE. Índice de volumen físico base 2013=100. Total,0700,Estados Unidos Mexicanos,Estados Unidos Mexicanos,2010/01,86.86701977,,Índice de volumen físico base 2013=100,Mensual,,/a  /f1  /r1  
6207061409,IGAE. Índice de volumen físico base 2013=100. Total,0700,Estados Unidos Mexicanos,Estados Unidos Mexicanos,2009/12,91.85630232,,Índice de volumen físico base 2013=100,Mensual,,/a  /f1  /r1  
6207061409,IGAE. Índice de volumen físico base 2013=100. Total,0700,Estados Unidos Mexicanos,Estados Unidos Mexicanos,2009/11,91.24910229,,Índice de volumen físico base 2013=100,Mensual,,/a  /f1  /r1  
6207061409,IGAE. Índice de volumen físico base 2013=100. Total,0700,Estados Unidos Mexicanos,Estados Unidos Mexicanos,2009/10,91.12057262,,Índice de volumen físico base 2013=100,Mensual,,/a  /f1  /r1  
6207061409,IGAE. Índice de volumen físico base 2013=100. Total,0700,Estados Unidos Mexicanos,Estados Unidos Mexicanos,2009/09,86.50377963,,Índice de volumen físico base 2013=100,Mensual,,/a  /f1  /r1  
6207061409,IGAE. Índice de volumen físico base 2013=100. Total,0700,Estados Unidos Mexicanos,Estados Unidos Mexicanos,2009/08,86.55360361,,Índice de volumen físico base 2013=100,Mensual,,/a  /f1  /r1  
6207061409,IGAE. Índice de volumen físico base 2013=100. Total,0700,Estados Unidos Mexicanos,Estados Unidos Mexicanos,2009/07,88.73169243,,Índice de volumen físico base 2013=100,Mensual,,/a  /f1  /r1  
6207061409,IGAE. Índice de volumen físico base 2013=100. Total,0700,Estados Unidos Mexicanos,Estados Unidos Mexicanos,2009/06,88.18426451,,Índice de volumen físico base 2013=100,Mensual,,/a  /f1  /r1  
6207061409,IGAE. Índice de volumen físico base 2013=100. Total,0700,Estados Unidos Mexicanos,Estados Unidos Mexicanos,2009/05,86.08158932,,Índice de volumen físico base 2013=100,Mensual,,/a  /f1  /r1  
6207061409,IGAE. Índice de volumen físico base 2013=100. Total,0700,Estados Unidos Mexicanos,Estados Unidos Mexicanos,2009/04,84.31066768,,Índice de volumen físico base 2013=100,Mensual,,/a  /f1  /r1  
6207061409,IGAE. Índice de volumen físico base 2013=100. Total,0700,Estados Unidos Mexicanos,Estados Unidos Mexicanos,2009/03,86.87355183,,Índice de volumen físico base 2013=100,Mensual,,/a  /f1  /r1  
6207061409,IGAE. Índice de volumen físico base 2013=100. Total,0700,Estados Unidos Mexicanos,Estados Unidos Mexicanos,2009/02,81.8409845,,Índice de volumen físico base 2013=100,Mensual,,/a  /f1  /r1  
6207061409,IGAE. Índice de volumen físico base 2013=100. Total,0700,Estados Unidos Mexicanos,Estados Unidos Mexicanos,2009/01,84.89587669,,Índice de volumen físico base 2013=100,Mensual,,/a  /f1  /r1  
6207061409,IGAE. Índice de volumen físico base 2013=100. Total,0700,Estados Unidos Mexicanos,Estados Unidos Mexicanos,2008/12,91.89505455,,Índice de volumen físico base 2013=100,Mensual,,/a  /f1  /r1  
6207061409,IGAE. Índice de volumen físico base 2013=100. Total,0700,Estados Unidos Mexicanos,Estados Unidos Mexicanos,2008/11,92.04269944,,Índice de volumen físico base 2013=100,Mensual,,/a  /f1  /r1  
6207061409,IGAE. Índice de volumen físico base 2013=100. Total,0700,Estados Unidos Mexicanos,Estados Unidos Mexicanos,2008/10,95.50683256,,Índice de volumen físico base 2013=100,Mensual,,/a  /f1  /r1  
6207061409,IGAE. Índice de volumen físico base 2013=100. Total,0700,Estados Unidos Mexicanos,Estados Unidos Mexicanos,2008/09,90.57650919,,Índice de volumen físico base 2013=100,Mensual,,/a  /f1  /r1  
6207061409,IGAE. Índice de volumen físico base 2013=100. Total,0700,Estados Unidos Mexicanos,Estados Unidos Mexicanos,2008/08,91.49309265,,Índice de volumen físico base 2013=100,Mensual,,/a  /f1  /r1  
6207061409,IGAE. Índice de volumen físico base 2013=100. Total,0700,Estados Unidos Mexicanos,Estados Unidos Mexicanos,2008/07,94.15930715,,Índice de volumen físico base 2013=100,Mensual,,/a  /f1  /r1  
6207061409,IGAE. Índice de volumen físico base 2013=100. Total,0700,Estados Unidos Mexicanos,Estados Unidos Mexicanos,2008/06,94.45588269,,Índice de volumen físico base 2013=100,Mensual,,/a  /f1  /r1  
6207061409,IGAE. Índice de volumen físico base 2013=100. Total,0700,Estados Unidos Mexicanos,Estados Unidos Mexicanos,2008/05,94.86435743,,Índice de volumen físico base 2013=100,Mensual,,/a  /f1  /r1  
6207061409,IGAE. Índice de volumen físico base 2013=100. Total,0700,Estados Unidos Mexicanos,Estados Unidos Mexicanos,2008/04,94.71532778,,Índice de volumen físico base 2013=100,Mensual,,/a  /f1  /r1  
6207061409,IGAE. Índice de volumen físico base 2013=100. Total,0700,Estados Unidos Mexicanos,Estados Unidos Mexicanos,2008/03,89.05325645,,Índice de volumen físico base 2013=100,Mensual,,/a  /f1  /r1  
6207061409,IGAE. Índice de volumen físico base 2013=100. Total,0700,Estados Unidos Mexicanos,Estados Unidos Mexicanos,2008/02,88.98933308,,Índice de volumen físico base 2013=100,Mensual,,/a  /f1  /r1  
6207061409,IGAE. Índice de volumen físico base 2013=100. Total,0700,Estados Unidos Mexicanos,Estados Unidos Mexicanos,2008/01,90.95434752,,Índice de volumen físico base 2013=100,Mensual,,/a  /f1  /r1  
6207061409,IGAE. Índice de volumen físico base 2013=100. Total,0700,Estados Unidos Mexicanos,Estados Unidos Mexicanos,2007/12,92.45719861,,Índice de volumen físico base 2013=100,Mensual,,/a  /f1  /r1  
6207061409,IGAE. Índice de volumen físico base 2013=100. Total,0700,Estados Unidos Mexicanos,Estados Unidos Mexicanos,2007/11,93.80925934,,Índice de volumen físico base 2013=100,Mensual,,/a  /f1  /r1  
6207061409,IGAE. Índice de volumen físico base 2013=100. Total,0700,Estados Unidos Mexicanos,Estados Unidos Mexicanos,2007/10,95.27999022,,Índice de volumen físico base 2013=100,Mensual,,/a  /f1  /r1  
6207061409,IGAE. Índice de volumen físico base 2013=100. Total,0700,Estados Unidos Mexicanos,Estados Unidos Mexicanos,2007/09,89.4751787,,Índice de volumen físico base 2013=100,Mensual,,/a  /f1  /r1  
6207061409,IGAE. Índice de volumen físico base 2013=100. Total,0700,Estados Unidos Mexicanos,Estados Unidos Mexicanos,2007/08,92.21732727,,Índice de volumen físico base 2013=100,Mensual,,/a  /f1  /r1  
6207061409,IGAE. Índice de volumen físico base 2013=100. Total,0700,Estados Unidos Mexicanos,Estados Unidos Mexicanos,2007/07,91.41102202,,Índice de volumen físico base 2013=100,Mensual,,/a  /f1  /r1  
6207061409,IGAE. Índice de volumen físico base 2013=100. Total,0700,Estados Unidos Mexicanos,Estados Unidos Mexicanos,2007/06,93.53459878,,Índice de volumen físico base 2013=100,Mensual,,/a  /f1  /r1  
6207061409,IGAE. Índice de volumen físico base 2013=100. Total,0700,Estados Unidos Mexicanos,Estados Unidos Mexicanos,2007/05,94.32236749,,Índice de volumen físico base 2013=100,Mensual,,/a  /f1  /r1  
6207061409,IGAE. Índice de volumen físico base 2013=100. Total,0700,Estados Unidos Mexicanos,Estados Unidos Mexicanos,2007/04,89.32062665,,Índice de volumen físico base 2013=100,Mensual,,/a  /f1  /r1  
6207061409,IGAE. Índice de volumen físico base 2013=100. Total,0700,Estados Unidos Mexicanos,Estados Unidos Mexicanos,2007/03,91.4220519,,Índice de volumen físico base 2013=100,Mensual,,/a  /f1  /r1  
6207061409,IGAE. Índice de volumen físico base 2013=100. Total,0700,Estados Unidos Mexicanos,Estados Unidos Mexicanos,2007/02,85.76827913,,Índice de volumen físico base 2013=100,Mensual,,/a  /f1  /r1  
6207061409,IGAE. Índice de volumen físico base 2013=100. Total,0700,Estados Unidos Mexicanos,Estados Unidos Mexicanos,2007/01,88.77728666,,Índice de volumen físico base 2013=100,Mensual,,/a  /f1  /r1  
6207061409,IGAE. Índice de volumen físico base 2013=100. Total,0700,Estados Unidos Mexicanos,Estados Unidos Mexicanos,2006/12,90.86138098,,Índice de volumen físico base 2013=100,Mensual,,/a  /f1  /r1  
6207061409,IGAE. Índice de volumen físico base 2013=100. Total,0700,Estados Unidos Mexicanos,Estados Unidos Mexicanos,2006/11,91.14519898,,Índice de volumen físico base 2013=100,Mensual,,/a  /f1  /r1  
6207061409,IGAE. Índice de volumen físico base 2013=100. Total,0700,Estados Unidos Mexicanos,Estados Unidos Mexicanos,2006/10,91.5974874,,Índice de volumen físico base 2013=100,Mensual,,/a  /f1  /r1  
6207061409,IGAE. Índice de volumen físico base 2013=100. Total,0700,Estados Unidos Mexicanos,Estados Unidos Mexicanos,2006/09,87.86909753,,Índice de volumen físico base 2013=100,Mensual,,/a  /f1  /r1  
6207061409,IGAE. Índice de volumen físico base 2013=100. Total,0700,Estados Unidos Mexicanos,Estados Unidos Mexicanos,2006/08,90.24618549,,Índice de volumen físico base 2013=100,Mensual,,/a  /f1  /r1  
6207061409,IGAE. Índice de volumen físico base 2013=100. Total,0700,Estados Unidos Mexicanos,Estados Unidos Mexicanos,2006/07,88.35889367,,Índice de volumen físico base 2013=100,Mensual,,/a  /f1  /r1  
6207061409,IGAE. Índice de volumen físico base 2013=100. Total,0700,Estados Unidos Mexicanos,Estados Unidos Mexicanos,2006/06,91.36864164,,Índice de volumen físico base 2013=100,Mensual,,/a  /f1  /r1  
6207061409,IGAE. Índice de volumen físico base 2013=100. Total,0700,Estados Unidos Mexicanos,Estados Unidos Mexicanos,2006/05,93.13935299,,Índice de volumen físico base 2013=100,Mensual,,/a  /f1  /r1  
6207061409,IGAE. Índice de volumen físico base 2013=100. Total,0700,Estados Unidos Mexicanos,Estados Unidos Mexicanos,2006/04,87.10250109,,Índice de volumen físico base 2013=100,Mensual,,/a  /f1  /r1  
6207061409,IGAE. Índice de volumen físico base 2013=100. Total,0700,Estados Unidos Mexicanos,Estados Unidos Mexicanos,2006/03,89.54008131,,Índice de volumen físico base 2013=100,Mensual,,/a  /f1  /r1  
6207061409,IGAE. Índice de volumen físico base 2013=100. Total,0700,Estados Unidos Mexicanos,Estados Unidos Mexicanos,2006/02,84.08296605,,Índice de volumen físico base 2013=100,Mensual,,/a  /f1  /r1  
6207061409,IGAE. Índice de volumen físico base 2013=100. Total,0700,Estados Unidos Mexicanos,Estados Unidos Mexicanos,2006/01,87.04556096,,Índice de volumen físico base 2013=100,Mensual,,/a  /f1  /r1  
6207061409,IGAE. Índice de volumen físico base 2013=100. Total,0700,Estados Unidos Mexicanos,Estados Unidos Mexicanos,2005/12,89.15109819,,Índice de volumen físico base 2013=100,Mensual,,/a  /f1  /r1  
6207061409,IGAE. Índice de volumen físico base 2013=100. Total,0700,Estados Unidos Mexicanos,Estados Unidos Mexicanos,2005/11,88.65732472,,Índice de volumen físico base 2013=100,Mensual,,/a  /f1  /r1  
6207061409,IGAE. Índice de volumen físico base 2013=100. Total,0700,Estados Unidos Mexicanos,Estados Unidos Mexicanos,2005/10,86.85310338,,Índice de volumen físico base 2013=100,Mensual,,/a  /f1  /r1  
6207061409,IGAE. Índice de volumen físico base 2013=100. Total,0700,Estados Unidos Mexicanos,Estados Unidos Mexicanos,2005/09,84.64255956,,Índice de volumen físico base 2013=100,Mensual,,/a  /f1  /r1  
6207061409,IGAE. Índice de volumen físico base 2013=100. Total,0700,Estados Unidos Mexicanos,Estados Unidos Mexicanos,2005/08,86.43119913,,Índice de volumen físico base 2013=100,Mensual,,/a  /f1  /r1  
6207061409,IGAE. Índice de volumen físico base 2013=100. Total,0700,Estados Unidos Mexicanos,Estados Unidos Mexicanos,2005/07,83.78419977,,Índice de volumen físico base 2013=100,Mensual,,/a  /f1  /r1  
6207061409,IGAE. Índice de volumen físico base 2013=100. Total,0700,Estados Unidos Mexicanos,Estados Unidos Mexicanos,2005/06,86.35208742,,Índice de volumen físico base 2013=100,Mensual,,/a  /f1  /r1  
6207061409,IGAE. Índice de volumen físico base 2013=100. Total,0700,Estados Unidos Mexicanos,Estados Unidos Mexicanos,2005/05,87.88889114,,Índice de volumen físico base 2013=100,Mensual,,/a  /f1  /r1  
6207061409,IGAE. Índice de volumen físico base 2013=100. Total,0700,Estados Unidos Mexicanos,Estados Unidos Mexicanos,2005/04,86.59372844,,Índice de volumen físico base 2013=100,Mensual,,/a  /f1  /r1  
6207061409,IGAE. Índice de volumen físico base 2013=100. Total,0700,Estados Unidos Mexicanos,Estados Unidos Mexicanos,2005/03,83.62639543,,Índice de volumen físico base 2013=100,Mensual,,/a  /f1  /r1  
6207061409,IGAE. Índice de volumen físico base 2013=100. Total,0700,Estados Unidos Mexicanos,Estados Unidos Mexicanos,2005/02,80.8994202,,Índice de volumen físico base 2013=100,Mensual,,/a  /f1  /r1  
6207061409,IGAE. Índice de volumen físico base 2013=100. Total,0700,Estados Unidos Mexicanos,Estados Unidos Mexicanos,2005/01,82.25837021,,Índice de volumen físico base 2013=100,Mensual,,/a  /f1  /r1  
6207061409,IGAE. Índice de volumen físico base 2013=100. Total,0700,Estados Unidos Mexicanos,Estados Unidos Mexicanos,2004/12,86.23056723,,Índice de volumen físico base 2013=100,Mensual,,/a  /f1  /r1  
6207061409,IGAE. Índice de volumen físico base 2013=100. Total,0700,Estados Unidos Mexicanos,Estados Unidos Mexicanos,2004/11,85.94153972,,Índice de volumen físico base 2013=100,Mensual,,/a  /f1  /r1  
6207061409,IGAE. Índice de volumen físico base 2013=100. Total,0700,Estados Unidos Mexicanos,Estados Unidos Mexicanos,2004/10,84.36268483,,Índice de volumen físico base 2013=100,Mensual,,/a  /f1  /r1  
6207061409,IGAE. Índice de volumen físico base 2013=100. Total,0700,Estados Unidos Mexicanos,Estados Unidos Mexicanos,2004/09,82.19750854,,Índice de volumen físico base 2013=100,Mensual,,/a  /f1  /r1  
6207061409,IGAE. Índice de volumen físico base 2013=100. Total,0700,Estados Unidos Mexicanos,Estados Unidos Mexicanos,2004/08,83.13243976,,Índice de volumen físico base 2013=100,Mensual,,/a  /f1  /r1  
6207061409,IGAE. Índice de volumen físico base 2013=100. Total,0700,Estados Unidos Mexicanos,Estados Unidos Mexicanos,2004/07,82.94023393,,Índice de volumen físico base 2013=100,Mensual,,/a  /f1  /r1  
6207061409,IGAE. Índice de volumen físico base 2013=100. Total,0700,Estados Unidos Mexicanos,Estados Unidos Mexicanos,2004/06,85.62087254,,Índice de volumen físico base 2013=100,Mensual,,/a  /f1  /r1  
6207061409,IGAE. Índice de volumen físico base 2013=100. Total,0700,Estados Unidos Mexicanos,Estados Unidos Mexicanos,2004/05,85.23904956,,Índice de volumen físico base 2013=100,Mensual,,/a  /f1  /r1  
6207061409,IGAE. Índice de volumen físico base 2013=100. Total,0700,Estados Unidos Mexicanos,Estados Unidos Mexicanos,2004/04,82.93622509,,Índice de volumen físico base 2013=100,Mensual,,/a  /f1  /r1  
6207061409,IGAE. Índice de volumen físico base 2013=100. Total,0700,Estados Unidos Mexicanos,Estados Unidos Mexicanos,2004/03,84.92784857,,Índice de volumen físico base 2013=100,Mensual,,/a  /f1  /r1  
6207061409,IGAE. Índice de volumen físico base 2013=100. Total,0700,Estados Unidos Mexicanos,Estados Unidos Mexicanos,2004/02,79.19382209,,Índice de volumen físico base 2013=100,Mensual,,/a  /f1  /r1  
6207061409,IGAE. Índice de volumen físico base 2013=100. Total,0700,Estados Unidos Mexicanos,Estados Unidos Mexicanos,2004/01,80.9300664,,Índice de volumen físico base 2013=100,Mensual,,/a  /f1  /r1  
6207061409,IGAE. Índice de volumen físico base 2013=100. Total,0700,Estados Unidos Mexicanos,Estados Unidos Mexicanos,2003/12,83.33036977,,Índice de volumen físico base 2013=100,Mensual,,/a  /f1  /r1  
6207061409,IGAE. Índice de volumen físico base 2013=100. Total,0700,Estados Unidos Mexicanos,Estados Unidos Mexicanos,2003/11,80.63451329,,Índice de volumen físico base 2013=100,Mensual,,/a  /f1  /r1  
6207061409,IGAE. Índice de volumen físico base 2013=100. Total,0700,Estados Unidos Mexicanos,Estados Unidos Mexicanos,2003/10,81.87910944,,Índice de volumen físico base 2013=100,Mensual,,/a  /f1  /r1  
6207061409,IGAE. Índice de volumen físico base 2013=100. Total,0700,Estados Unidos Mexicanos,Estados Unidos Mexicanos,2003/09,79.18878015,,Índice de volumen físico base 2013=100,Mensual,,/a  /f1  /r1  
6207061409,IGAE. Índice de volumen físico base 2013=100. Total,0700,Estados Unidos Mexicanos,Estados Unidos Mexicanos,2003/08,79.41995223,,Índice de volumen físico base 2013=100,Mensual,,/a  /f1  /r1  
6207061409,IGAE. Índice de volumen físico base 2013=100. Total,0700,Estados Unidos Mexicanos,Estados Unidos Mexicanos,2003/07,80.93570116,,Índice de volumen físico base 2013=100,Mensual,,/a  /f1  /r1  
6207061409,IGAE. Índice de volumen físico base 2013=100. Total,0700,Estados Unidos Mexicanos,Estados Unidos Mexicanos,2003/06,81.44336982,,Índice de volumen físico base 2013=100,Mensual,,/a  /f1  /r1  
6207061409,IGAE. Índice de volumen físico base 2013=100. Total,0700,Estados Unidos Mexicanos,Estados Unidos Mexicanos,2003/05,82.28841851,,Índice de volumen físico base 2013=100,Mensual,,/a  /f1  /r1  
6207061409,IGAE. Índice de volumen físico base 2013=100. Total,0700,Estados Unidos Mexicanos,Estados Unidos Mexicanos,2003/04,79.9509285,,Índice de volumen físico base 2013=100,Mensual,,/a  /f1  /r1  
6207061409,IGAE. Índice de volumen físico base 2013=100. Total,0700,Estados Unidos Mexicanos,Estados Unidos Mexicanos,2003/03,80.33975546,,Índice de volumen físico base 2013=100,Mensual,,/a  /f1  /r1  
6207061409,IGAE. Índice de volumen físico base 2013=100. Total,0700,Estados Unidos Mexicanos,Estados Unidos Mexicanos,2003/02,77.17550522,,Índice de volumen físico base 2013=100,Mensual,,/a  /f1  /r1  
6207061409,IGAE. Índice de volumen físico base 2013=100. Total,0700,Estados Unidos Mexicanos,Estados Unidos Mexicanos,2003/01,79.27238886,,Índice de volumen físico base 2013=100,Mensual,,/a  /f1  /r1  
6207061409,IGAE. Índice de volumen físico base 2013=100. Total,0700,Estados Unidos Mexicanos,Estados Unidos Mexicanos,2002/12,80.49050676,,Índice de volumen físico base 2013=100,Mensual,,/a  /f1  /r1  
6207061409,IGAE. Índice de volumen físico base 2013=100. Total,0700,Estados Unidos Mexicanos,Estados Unidos Mexicanos,2002/11,80.09518211,,Índice de volumen físico base 2013=100,Mensual,,/a  /f1  /r1  
6207061409,IGAE. Índice de volumen físico base 2013=100. Total,0700,Estados Unidos Mexicanos,Estados Unidos Mexicanos,2002/10,81.60773861,,Índice de volumen físico base 2013=100,Mensual,,/a  /f1  /r1  
6207061409,IGAE. Índice de volumen físico base 2013=100. Total,0700,Estados Unidos Mexicanos,Estados Unidos Mexicanos,2002/09,78.38017964,,Índice de volumen físico base 2013=100,Mensual,,/a  /f1  /r1  
6207061409,IGAE. Índice de volumen físico base 2013=100. Total,0700,Estados Unidos Mexicanos,Estados Unidos Mexicanos,2002/08,80.30576052,,Índice de volumen físico base 2013=100,Mensual,,/a  /f1  /r1  
6207061409,IGAE. Índice de volumen físico base 2013=100. Total,0700,Estados Unidos Mexicanos,Estados Unidos Mexicanos,2002/07,79.92718369,,Índice de volumen físico base 2013=100,Mensual,,/a  /f1  /r1  
6207061409,IGAE. Índice de volumen físico base 2013=100. Total,0700,Estados Unidos Mexicanos,Estados Unidos Mexicanos,2002/06,79.7212702,,Índice de volumen físico base 2013=100,Mensual,,/a  /f1  /r1  
6207061409,IGAE. Índice de volumen físico base 2013=100. Total,0700,Estados Unidos Mexicanos,Estados Unidos Mexicanos,2002/05,82.06994188,,Índice de volumen físico base 2013=100,Mensual,,/a  /f1  /r1  
6207061409,IGAE. Índice de volumen físico base 2013=100. Total,0700,Estados Unidos Mexicanos,Estados Unidos Mexicanos,2002/04,80.83023511,,Índice de volumen físico base 2013=100,Mensual,,/a  /f1  /r1  
6207061409,IGAE. Índice de volumen físico base 2013=100. Total,0700,Estados Unidos Mexicanos,Estados Unidos Mexicanos,2002/03,77.12227245,,Índice de volumen físico base 2013=100,Mensual,,/a  /f1  /r1  
6207061409,IGAE. Índice de volumen físico base 2013=100. Total,0700,Estados Unidos Mexicanos,Estados Unidos Mexicanos,2002/02,75.10931535,,Índice de volumen físico base 2013=100,Mensual,,/a  /f1  /r1  
6207061409,IGAE. Índice de volumen físico base 2013=100. Total,0700,Estados Unidos Mexicanos,Estados Unidos Mexicanos,2002/01,77.38628506,,Índice de volumen físico base 2013=100,Mensual,,/a  /f1  /r1  
6207061409,IGAE. Índice de volumen físico base 2013=100. Total,0700,Estados Unidos Mexicanos,Estados Unidos Mexicanos,2001/12,79.09246906,,Índice de volumen físico base 2013=100,Mensual,,/a  /f1  /r1  
6207061409,IGAE. Índice de volumen físico base 2013=100. Total,0700,Estados Unidos Mexicanos,Estados Unidos Mexicanos,2001/11,80.09389928,,Índice de volumen físico base 2013=100,Mensual,,/a  /f1  /r1  
6207061409,IGAE. Índice de volumen físico base 2013=100. Total,0700,Estados Unidos Mexicanos,Estados Unidos Mexicanos,2001/10,79.97355162,,Índice de volumen físico base 2013=100,Mensual,,/a  /f1  /r1  
6207061409,IGAE. Índice de volumen físico base 2013=100. Total,0700,Estados Unidos Mexicanos,Estados Unidos Mexicanos,2001/09,78.26957304,,Índice de volumen físico base 2013=100,Mensual,,/a  /f1  /r1  
6207061409,IGAE. Índice de volumen físico base 2013=100. Total,0700,Estados Unidos Mexicanos,Estados Unidos Mexicanos,2001/08,80.5870321,,Índice de volumen físico base 2013=100,Mensual,,/a  /f1  /r1  
6207061409,IGAE. Índice de volumen físico base 2013=100. Total,0700,Estados Unidos Mexicanos,Estados Unidos Mexicanos,2001/07,79.32531293,,Índice de volumen físico base 2013=100,Mensual,,/a  /f1  /r1  
6207061409,IGAE. Índice de volumen físico base 2013=100. Total,0700,Estados Unidos Mexicanos,Estados Unidos Mexicanos,2001/06,80.60700763,,Índice de volumen físico base 2013=100,Mensual,,/a  /f1  /r1  
6207061409,IGAE. Índice de volumen físico base 2013=100. Total,0700,Estados Unidos Mexicanos,Estados Unidos Mexicanos,2001/05,81.78408862,,Índice de volumen físico base 2013=100,Mensual,,/a  /f1  /r1  
6207061409,IGAE. Índice de volumen físico base 2013=100. Total,0700,Estados Unidos Mexicanos,Estados Unidos Mexicanos,2001/04,77.53115468,,Índice de volumen físico base 2013=100,Mensual,,/a  /f1  /r1  
6207061409,IGAE. Índice de volumen físico base 2013=100. Total,0700,Estados Unidos Mexicanos,Estados Unidos Mexicanos,2001/03,80.76787395,,Índice de volumen físico base 2013=100,Mensual,,/a  /f1  /r1  
6207061409,IGAE. Índice de volumen físico base 2013=100. Total,0700,Estados Unidos Mexicanos,Estados Unidos Mexicanos,2001/02,76.41925797,,Índice de volumen físico base 2013=100,Mensual,,/a  /f1  /r1  
6207061409,IGAE. Índice de volumen físico base 2013=100. Total,0700,Estados Unidos Mexicanos,Estados Unidos Mexicanos,2001/01,79.423458,,Índice de volumen físico base 2013=100,Mensual,,/a  /f1  /r1  
6207061409,IGAE. Índice de volumen físico base 2013=100. Total,0700,Estados Unidos Mexicanos,Estados Unidos Mexicanos,2000/12,79.49830139,,Índice de volumen físico base 2013=100,Mensual,,/a  /f1  /r1  
6207061409,IGAE. Índice de volumen físico base 2013=100. Total,0700,Estados Unidos Mexicanos,Estados Unidos Mexicanos,2000/11,80.9161857,,Índice de volumen físico base 2013=100,Mensual,,/a  /f1  /r1  
6207061409,IGAE. Índice de volumen físico base 2013=100. Total,0700,Estados Unidos Mexicanos,Estados Unidos Mexicanos,2000/10,80.8095844,,Índice de volumen físico base 2013=100,Mensual,,/a  /f1  /r1  
6207061409,IGAE. Índice de volumen físico base 2013=100. Total,0700,Estados Unidos Mexicanos,Estados Unidos Mexicanos,2000/09,80.16487255,,Índice de volumen físico base 2013=100,Mensual,,/a  /f1  /r1  
6207061409,IGAE. Índice de volumen físico base 2013=100. Total,0700,Estados Unidos Mexicanos,Estados Unidos Mexicanos,2000/08,81.19074097,,Índice de volumen físico base 2013=100,Mensual,,/a  /f1  /r1  
6207061409,IGAE. Índice de volumen físico base 2013=100. Total,0700,Estados Unidos Mexicanos,Estados Unidos Mexicanos,2000/07,79.62972558,,Índice de volumen físico base 2013=100,Mensual,,/a  /f1  /r1  
6207061409,IGAE. Índice de volumen físico base 2013=100. Total,0700,Estados Unidos Mexicanos,Estados Unidos Mexicanos,2000/06,81.54154492,,Índice de volumen físico base 2013=100,Mensual,,/a  /f1  /r1  
6207061409,IGAE. Índice de volumen físico base 2013=100. Total,0700,Estados Unidos Mexicanos,Estados Unidos Mexicanos,2000/05,82.34330513,,Índice de volumen físico base 2013=100,Mensual,,/a  /f1  /r1  
6207061409,IGAE. Índice de volumen físico base 2013=100. Total,0700,Estados Unidos Mexicanos,Estados Unidos Mexicanos,2000/04,77.00756382,,Índice de volumen físico base 2013=100,Mensual,,/a  /f1  /r1  
6207061409,IGAE. Índice de volumen físico base 2013=100. Total,0700,Estados Unidos Mexicanos,Estados Unidos Mexicanos,2000/03,80.35795014,,Índice de volumen físico base 2013=100,Mensual,,/a  /f1  /r1  
6207061409,IGAE. Índice de volumen físico base 2013=100. Total,0700,Estados Unidos Mexicanos,Estados Unidos Mexicanos,2000/02,77.36731614,,Índice de volumen físico base 2013=100,Mensual,,/a  /f1  /r1  
6207061409,IGAE. Índice de volumen físico base 2013=100. Total,0700,Estados Unidos Mexicanos,Estados Unidos Mexicanos,2000/01,77.93002889,,Índice de volumen físico base 2013=100,Mensual,,/a  /f1  /r1  
6207061409,IGAE. Índice de volumen físico base 2013=100. Total,0700,Estados Unidos Mexicanos,Estados Unidos Mexicanos,1999/12,78.05346844,,Índice de volumen físico base 2013=100,Mensual,,/a  /f1  /r1  
6207061409,IGAE. Índice de volumen físico base 2013=100. Total,0700,Estados Unidos Mexicanos,Estados Unidos Mexicanos,1999/11,77.67013199,,Índice de volumen físico base 2013=100,Mensual,,/a  /f1  /r1  
6207061409,IGAE. Índice de volumen físico base 2013=100. Total,0700,Estados Unidos Mexicanos,Estados Unidos Mexicanos,1999/10,76.4546544,,Índice de volumen físico base 2013=100,Mensual,,/a  /f1  /r1  
6207061409,IGAE. Índice de volumen físico base 2013=100. Total,0700,Estados Unidos Mexicanos,Estados Unidos Mexicanos,1999/09,76.24775268,,Índice de volumen físico base 2013=100,Mensual,,/a  /f1  /r1  
6207061409,IGAE. Índice de volumen físico base 2013=100. Total,0700,Estados Unidos Mexicanos,Estados Unidos Mexicanos,1999/08,75.67001379,,Índice de volumen físico base 2013=100,Mensual,,/a  /f1  /r1  
6207061409,IGAE. Índice de volumen físico base 2013=100. Total,0700,Estados Unidos Mexicanos,Estados Unidos Mexicanos,1999/07,76.31262484,,Índice de volumen físico base 2013=100,Mensual,,/a  /f1  /r1  
6207061409,IGAE. Índice de volumen físico base 2013=100. Total,0700,Estados Unidos Mexicanos,Estados Unidos Mexicanos,1999/06,76.55674514,,Índice de volumen físico base 2013=100,Mensual,,/a  /f1  /r1  
6207061409,IGAE. Índice de volumen físico base 2013=100. Total,0700,Estados Unidos Mexicanos,Estados Unidos Mexicanos,1999/05,76.92304154,,Índice de volumen físico base 2013=100,Mensual,,/a  /f1  /r1  
6207061409,IGAE. Índice de volumen físico base 2013=100. Total,0700,Estados Unidos Mexicanos,Estados Unidos Mexicanos,1999/04,74.32922748,,Índice de volumen físico base 2013=100,Mensual,,/a  /f1  /r1  
6207061409,IGAE. Índice de volumen físico base 2013=100. Total,0700,Estados Unidos Mexicanos,Estados Unidos Mexicanos,1999/03,76.99210855,,Índice de volumen físico base 2013=100,Mensual,,/a  /f1  /r1  
6207061409,IGAE. Índice de volumen físico base 2013=100. Total,0700,Estados Unidos Mexicanos,Estados Unidos Mexicanos,1999/02,72.70940159,,Índice de volumen físico base 2013=100,Mensual,,/a  /f1  /r1  
6207061409,IGAE. Índice de volumen físico base 2013=100. Total,0700,Estados Unidos Mexicanos,Estados Unidos Mexicanos,1999/01,74.28380696,,Índice de volumen físico base 2013=100,Mensual,,/a  /f1  /r1  
6207061409,IGAE. Índice de volumen físico base 2013=100. Total,0700,Estados Unidos Mexicanos,Estados Unidos Mexicanos,1998/12,75.67735182,,Índice de volumen físico base 2013=100,Mensual,,/a  /f1  /r1  
6207061409,IGAE. Índice de volumen físico base 2013=100. Total,0700,Estados Unidos Mexicanos,Estados Unidos Mexicanos,1998/11,74.44344023,,Índice de volumen físico base 2013=100,Mensual,,/a  /f1  /r1  
6207061409,IGAE. Índice de volumen físico base 2013=100. Total,0700,Estados Unidos Mexicanos,Estados Unidos Mexicanos,1998/10,74.46417987,,Índice de volumen físico base 2013=100,Mensual,,/a  /f1  /r1  
6207061409,IGAE. Índice de volumen físico base 2013=100. Total,0700,Estados Unidos Mexicanos,Estados Unidos Mexicanos,1998/09,73.76731713,,Índice de volumen físico base 2013=100,Mensual,,/a  /f1  /r1  
6207061409,IGAE. Índice de volumen físico base 2013=100. Total,0700,Estados Unidos Mexicanos,Estados Unidos Mexicanos,1998/08,73.4792498,,Índice de volumen físico base 2013=100,Mensual,,/a  /f1  /r1  
6207061409,IGAE. Índice de volumen físico base 2013=100. Total,0700,Estados Unidos Mexicanos,Estados Unidos Mexicanos,1998/07,74.61446188,,Índice de volumen físico base 2013=100,Mensual,,/a  /f1  /r1  
6207061409,IGAE. Índice de volumen físico base 2013=100. Total,0700,Estados Unidos Mexicanos,Estados Unidos Mexicanos,1998/06,74.64518739,,Índice de volumen físico base 2013=100,Mensual,,/a  /f1  /r1  
6207061409,IGAE. Índice de volumen físico base 2013=100. Total,0700,Estados Unidos Mexicanos,Estados Unidos Mexicanos,1998/05,75.13801507,,Índice de volumen físico base 2013=100,Mensual,,/a  /f1  /r1  
6207061409,IGAE. Índice de volumen físico base 2013=100. Total,0700,Estados Unidos Mexicanos,Estados Unidos Mexicanos,1998/04,72.95237567,,Índice de volumen físico base 2013=100,Mensual,,/a  /f1  /r1  
6207061409,IGAE. Índice de volumen físico base 2013=100. Total,0700,Estados Unidos Mexicanos,Estados Unidos Mexicanos,1998/03,75.30751296,,Índice de volumen físico base 2013=100,Mensual,,/a  /f1  /r1  
6207061409,IGAE. Índice de volumen físico base 2013=100. Total,0700,Estados Unidos Mexicanos,Estados Unidos Mexicanos,1998/02,71.26763982,,Índice de volumen físico base 2013=100,Mensual,,/a  /f1  /r1  
6207061409,IGAE. Índice de volumen físico base 2013=100. Total,0700,Estados Unidos Mexicanos,Estados Unidos Mexicanos,1998/01,72.28125025,,Índice de volumen físico base 2013=100,Mensual,,/a  /f1  /r1  
6207061409,IGAE. Índice de volumen físico base 2013=100. Total,0700,Estados Unidos Mexicanos,Estados Unidos Mexicanos,1997/12,73.78043868,,Índice de volumen físico base 2013=100,Mensual,,/a  /f1  /r1  
6207061409,IGAE. Índice de volumen físico base 2013=100. Total,0700,Estados Unidos Mexicanos,Estados Unidos Mexicanos,1997/11,72.75789249,,Índice de volumen físico base 2013=100,Mensual,,/a  /f1  /r1  
6207061409,IGAE. Índice de volumen físico base 2013=100. Total,0700,Estados Unidos Mexicanos,Estados Unidos Mexicanos,1997/10,73.23727855,,Índice de volumen físico base 2013=100,Mensual,,/a  /f1  /r1  
6207061409,IGAE. Índice de volumen físico base 2013=100. Total,0700,Estados Unidos Mexicanos,Estados Unidos Mexicanos,1997/09,70.75158476,,Índice de volumen físico base 2013=100,Mensual,,/a  /f1  /r1  
6207061409,IGAE. Índice de volumen físico base 2013=100. Total,0700,Estados Unidos Mexicanos,Estados Unidos Mexicanos,1997/08,70.02845054,,Índice de volumen físico base 2013=100,Mensual,,/a  /f1  /r1  
6207061409,IGAE. Índice de volumen físico base 2013=100. Total,0700,Estados Unidos Mexicanos,Estados Unidos Mexicanos,1997/07,70.48390145,,Índice de volumen físico base 2013=100,Mensual,,/a  /f1  /r1  
6207061409,IGAE. Índice de volumen físico base 2013=100. Total,0700,Estados Unidos Mexicanos,Estados Unidos Mexicanos,1997/06,70.71757442,,Índice de volumen físico base 2013=100,Mensual,,/a  /f1  /r1  
6207061409,IGAE. Índice de volumen físico base 2013=100. Total,0700,Estados Unidos Mexicanos,Estados Unidos Mexicanos,1997/05,71.25363161,,Índice de volumen físico base 2013=100,Mensual,,/a  /f1  /r1  
6207061409,IGAE. Índice de volumen físico base 2013=100. Total,0700,Estados Unidos Mexicanos,Estados Unidos Mexicanos,1997/04,70.18938746,,Índice de volumen físico base 2013=100,Mensual,,/a  /f1  /r1  
6207061409,IGAE. Índice de volumen físico base 2013=100. Total,0700,Estados Unidos Mexicanos,Estados Unidos Mexicanos,1997/03,67.08871365,,Índice de volumen físico base 2013=100,Mensual,,/a  /f1  /r1  
6207061409,IGAE. Índice de volumen físico base 2013=100. Total,0700,Estados Unidos Mexicanos,Estados Unidos Mexicanos,1997/02,66.01571884,,Índice de volumen físico base 2013=100,Mensual,,/a  /f1  /r1  
6207061409,IGAE. Índice de volumen físico base 2013=100. Total,0700,Estados Unidos Mexicanos,Estados Unidos Mexicanos,1997/01,67.92226404,,Índice de volumen físico base 2013=100,Mensual,,/a  /f1  /r1  
6207061409,IGAE. Índice de volumen físico base 2013=100. Total,0700,Estados Unidos Mexicanos,Estados Unidos Mexicanos,1996/12,69.26845104,,Índice de volumen físico base 2013=100,Mensual,,/a  /f1  /r1  
6207061409,IGAE. Índice de volumen físico base 2013=100. Total,0700,Estados Unidos Mexicanos,Estados Unidos Mexicanos,1996/11,68.55904156,,Índice de volumen físico base 2013=100,Mensual,,/a  /f1  /r1  
6207061409,IGAE. Índice de volumen físico base 2013=100. Total,0700,Estados Unidos Mexicanos,Estados Unidos Mexicanos,1996/10,67.82463933,,Índice de volumen físico base 2013=100,Mensual,,/a  /f1  /r1  
6207061409,IGAE. Índice de volumen físico base 2013=100. Total,0700,Estados Unidos Mexicanos,Estados Unidos Mexicanos,1996/09,65.03774493,,Índice de volumen físico base 2013=100,Mensual,,/a  /f1  /r1  
6207061409,IGAE. Índice de volumen físico base 2013=100. Total,0700,Estados Unidos Mexicanos,Estados Unidos Mexicanos,1996/08,65.36457339,,Índice de volumen físico base 2013=100,Mensual,,/a  /f1  /r1  
6207061409,IGAE. Índice de volumen físico base 2013=100. Total,0700,Estados Unidos Mexicanos,Estados Unidos Mexicanos,1996/07,65.91223071,,Índice de volumen físico base 2013=100,Mensual,,/a  /f1  /r1  
6207061409,IGAE. Índice de volumen físico base 2013=100. Total,0700,Estados Unidos Mexicanos,Estados Unidos Mexicanos,1996/06,65.57816672,,Índice de volumen físico base 2013=100,Mensual,,/a  /f1  /r1  
6207061409,IGAE. Índice de volumen físico base 2013=100. Total,0700,Estados Unidos Mexicanos,Estados Unidos Mexicanos,1996/05,66.56895891,,Índice de volumen físico base 2013=100,Mensual,,/a  /f1  /r1  
6207061409,IGAE. Índice de volumen físico base 2013=100. Total,0700,Estados Unidos Mexicanos,Estados Unidos Mexicanos,1996/04,63.8220199,,Índice de volumen físico base 2013=100,Mensual,,/a  /f1  /r1  
6207061409,IGAE. Índice de volumen físico base 2013=100. Total,0700,Estados Unidos Mexicanos,Estados Unidos Mexicanos,1996/03,65.00435442,,Índice de volumen físico base 2013=100,Mensual,,/a  /f1  /r1  
6207061409,IGAE. Índice de volumen físico base 2013=100. Total,0700,Estados Unidos Mexicanos,Estados Unidos Mexicanos,1996/02,63.25033366,,Índice de volumen físico base 2013=100,Mensual,,/a  /f1  /r1  
6207061409,IGAE. Índice de volumen físico base 2013=100. Total,0700,Estados Unidos Mexicanos,Estados Unidos Mexicanos,1996/01,64.59735912,,Índice de volumen físico base 2013=100,Mensual,,/a  /f1  /r1  
6207061409,IGAE. Índice de volumen físico base 2013=100. Total,0700,Estados Unidos Mexicanos,Estados Unidos Mexicanos,1995/12,65.41345892,,Índice de volumen físico base 2013=100,Mensual,,/a  /f1  /r1  
6207061409,IGAE. Índice de volumen físico base 2013=100. Total,0700,Estados Unidos Mexicanos,Estados Unidos Mexicanos,1995/11,63.0601993,,Índice de volumen físico base 2013=100,Mensual,,/a  /f1  /r1  
6207061409,IGAE. Índice de volumen físico base 2013=100. Total,0700,Estados Unidos Mexicanos,Estados Unidos Mexicanos,1995/10,60.21824329,,Índice de volumen físico base 2013=100,Mensual,,/a  /f1  /r1  
6207061409,IGAE. Índice de volumen físico base 2013=100. Total,0700,Estados Unidos Mexicanos,Estados Unidos Mexicanos,1995/09,60.84771988,,Índice de volumen físico base 2013=100,Mensual,,/a  /f1  /r1  
6207061409,IGAE. Índice de volumen físico base 2013=100. Total,0700,Estados Unidos Mexicanos,Estados Unidos Mexicanos,1995/08,61.06820428,,Índice de volumen físico base 2013=100,Mensual,,/a  /f1  /r1  
6207061409,IGAE. Índice de volumen físico base 2013=100. Total,0700,Estados Unidos Mexicanos,Estados Unidos Mexicanos,1995/07,59.77916962,,Índice de volumen físico base 2013=100,Mensual,,/a  /f1  /r1  
6207061409,IGAE. Índice de volumen físico base 2013=100. Total,0700,Estados Unidos Mexicanos,Estados Unidos Mexicanos,1995/06,61.08234157,,Índice de volumen físico base 2013=100,Mensual,,/a  /f1  /r1  
6207061409,IGAE. Índice de volumen físico base 2013=100. Total,0700,Estados Unidos Mexicanos,Estados Unidos Mexicanos,1995/05,61.1767744,,Índice de volumen físico base 2013=100,Mensual,,/a  /f1  /r1  
6207061409,IGAE. Índice de volumen físico base 2013=100. Total,0700,Estados Unidos Mexicanos,Estados Unidos Mexicanos,1995/04,59.2390871,,Índice de volumen físico base 2013=100,Mensual,,/a  /f1  /r1  
6207061409,IGAE. Índice de volumen físico base 2013=100. Total,0700,Estados Unidos Mexicanos,Estados Unidos Mexicanos,1995/03,62.92986528,,Índice de volumen físico base 2013=100,Mensual,,/a  /f1  /r1  
6207061409,IGAE. Índice de volumen físico base 2013=100. Total,0700,Estados Unidos Mexicanos,Estados Unidos Mexicanos,1995/02,60.29418969,,Índice de volumen físico base 2013=100,Mensual,,/a  /f1  /r1  
6207061409,IGAE. Índice de volumen físico base 2013=100. Total,0700,Estados Unidos Mexicanos,Estados Unidos Mexicanos,1995/01,65.1023361,,Índice de volumen físico base 2013=100,Mensual,,/a  /f1  /r1  
6207061409,IGAE. Índice de volumen físico base 2013=100. Total,0700,Estados Unidos Mexicanos,Estados Unidos Mexicanos,1994/12,68.06744038,,Índice de volumen físico base 2013=100,Mensual,,/a  /f1  /r1  
6207061409,IGAE. Índice de volumen físico base 2013=100. Total,0700,Estados Unidos Mexicanos,Estados Unidos Mexicanos,1994/11,67.84687403,,Índice de volumen físico base 2013=100,Mensual,,/a  /f1  /r1  
6207061409,IGAE. Índice de volumen físico base 2013=100. Total,0700,Estados Unidos Mexicanos,Estados Unidos Mexicanos,1994/10,66.73068481,,Índice de volumen físico base 2013=100,Mensual,,/a  /f1  /r1  
6207061409,IGAE. Índice de volumen físico base 2013=100. Total,0700,Estados Unidos Mexicanos,Estados Unidos Mexicanos,1994/09,65.76477448,,Índice de volumen físico base 2013=100,Mensual,,/a  /f1  /r1  
6207061409,IGAE. Índice de volumen físico base 2013=100. Total,0700,Estados Unidos Mexicanos,Estados Unidos Mexicanos,1994/08,65.79634346,,Índice de volumen físico base 2013=100,Mensual,,/a  /f1  /r1  
6207061409,IGAE. Índice de volumen físico base 2013=100. Total,0700,Estados Unidos Mexicanos,Estados Unidos Mexicanos,1994/07,64.70206224,,Índice de volumen físico base 2013=100,Mensual,,/a  /f1  /r1  
6207061409,IGAE. Índice de volumen físico base 2013=100. Total,0700,Estados Unidos Mexicanos,Estados Unidos Mexicanos,1994/06,66.63579091,,Índice de volumen físico base 2013=100,Mensual,,/a  /f1  /r1  
6207061409,IGAE. Índice de volumen físico base 2013=100. Total,0700,Estados Unidos Mexicanos,Estados Unidos Mexicanos,1994/05,66.8588023,,Índice de volumen físico base 2013=100,Mensual,,/a  /f1  /r1  
6207061409,IGAE. Índice de volumen físico base 2013=100. Total,0700,Estados Unidos Mexicanos,Estados Unidos Mexicanos,1994/04,65.89171611,,Índice de volumen físico base 2013=100,Mensual,,/a  /f1  /r1  
6207061409,IGAE. Índice de volumen físico base 2013=100. Total,0700,Estados Unidos Mexicanos,Estados Unidos Mexicanos,1994/03,65.79027457,,Índice de volumen físico base 2013=100,Mensual,,/a  /f1  /r1  
6207061409,IGAE. Índice de volumen físico base 2013=100. Total,0700,Estados Unidos Mexicanos,Estados Unidos Mexicanos,1994/02,62.73315589,,Índice de volumen físico base 2013=100,Mensual,,/a  /f1  /r1  
6207061409,IGAE. Índice de volumen físico base 2013=100. Total,0700,Estados Unidos Mexicanos,Estados Unidos Mexicanos,1994/01,63.0292681,,Índice de volumen físico base 2013=100,Mensual,,/a  /f1  /r1  
6207061409,IGAE. Índice de volumen físico base 2013=100. Total,0700,Estados Unidos Mexicanos,Estados Unidos Mexicanos,1993/12,66.12119267,,Índice de volumen físico base 2013=100,Mensual,,/a  /f1  /r1  
6207061409,IGAE. Índice de volumen físico base 2013=100. Total,0700,Estados Unidos Mexicanos,Estados Unidos Mexicanos,1993/11,63.6217709,,Índice de volumen físico base 2013=100,Mensual,,/a  /f1  /r1  
6207061409,IGAE. Índice de volumen físico base 2013=100. Total,0700,Estados Unidos Mexicanos,Estados Unidos Mexicanos,1993/10,62.83480112,,Índice de volumen físico base 2013=100,Mensual,,/a  /f1  /r1  
6207061409,IGAE. Índice de volumen físico base 2013=100. Total,0700,Estados Unidos Mexicanos,Estados Unidos Mexicanos,1993/09,62.01833687,,Índice de volumen físico base 2013=100,Mensual,,/a  /f1  /r1  
6207061409,IGAE. Índice de volumen físico base 2013=100. Total,0700,Estados Unidos Mexicanos,Estados Unidos Mexicanos,1993/08,62.02788631,,Índice de volumen físico base 2013=100,Mensual,,/a  /f1  /r1  
6207061409,IGAE. Índice de volumen físico base 2013=100. Total,0700,Estados Unidos Mexicanos,Estados Unidos Mexicanos,1993/07,62.79795336,,Índice de volumen físico base 2013=100,Mensual,,/a  /f1  /r1  
6207061409,IGAE. Índice de volumen físico base 2013=100. Total,0700,Estados Unidos Mexicanos,Estados Unidos Mexicanos,1993/06,62.88258738,,Índice de volumen físico base 2013=100,Mensual,,/a  /f1  /r1  
6207061409,IGAE. Índice de volumen físico base 2013=100. Total,0700,Estados Unidos Mexicanos,Estados Unidos Mexicanos,1993/05,63.61289973,,Índice de volumen físico base 2013=100,Mensual,,/a  /f1  /r1  
6207061409,IGAE. Índice de volumen físico base 2013=100. Total,0700,Estados Unidos Mexicanos,Estados Unidos Mexicanos,1993/04,61.86598396,,Índice de volumen físico base 2013=100,Mensual,,/a  /f1  /r1  
6207061409,IGAE. Índice de volumen físico base 2013=100. Total,0700,Estados Unidos Mexicanos,Estados Unidos Mexicanos,1993/03,63.94324936,,Índice de volumen físico base 2013=100,Mensual,,/a  /f1  /r1  
6207061409,IGAE. Índice de volumen físico base 2013=100. Total,0700,Estados Unidos Mexicanos,Estados Unidos Mexicanos,1993/02,61.02252106,,Índice de volumen físico base 2013=100,Mensual,,/a  /f1  /r1  
6207061409,IGAE. Índice de volumen físico base 2013=100. Total,0700,Estados Unidos Mexicanos,Estados Unidos Mexicanos,1993/01,60.40769086,,Índice de volumen físico base 2013=100,Mensual,,/a  /f1  /r1  
